{"cameraMode":{"drawMode":0,"name":"Shaded","section":"Shading Mode"},"sceneLighting":true,"audioPlay":false,"sceneViewState":{"showFog":true,"showMaterialUpdate":false,"showSkybox":true,"showFlares":true,"showImageEffects":true,"showParticleSystems":true},"in2DMode":false,"pivot":{"x":1.0556640625,"y":1.7255859375,"z":0.06982421875},"rotation":{"x":0.27113768458366396,"y":-0.5108811259269714,"z":0.17379017174243928,"w":0.7970457077026367},"size":7.493387222290039,"orthographic":true}